{"train_runtime":349.5982,"_step":11,"train_loss":0.9206593556837602,"_wandb":{"runtime":347},"total_flos":1.864642612357325e+16,"train/global_step":55,"train_samples_per_second":1.239,"train/grad_norm":0.0830078125,"train/mean_token_accuracy":0.7902397206335356,"train/learning_rate":3.7735849056603773e-06,"train/num_tokens":434566,"train/entropy":0.7830806148774696,"train_steps_per_second":0.157,"_timestamp":1.776317611376223e+09,"train/epoch":1,"_runtime":347,"train/loss":0.7500979900360107}