{"sft_eval/global_step":40,"train_runtime":600.282,"train_samples_per_second":0.721,"train/global_step":55,"total_flos":1.864642612357325e+16,"train_steps_per_second":0.092,"train_loss":0.9200889067216353,"train/mean_token_accuracy":0.7896179809714808,"_runtime":599,"train/epoch":1,"_step":44,"sft_eval/format_score":0.33796296296296297,"_timestamp":1.7763199850680397e+09,"train/grad_norm":0.0830078125,"sft_eval/code_accuracy":0,"train/learning_rate":3.7735849056603773e-06,"train/num_tokens":434566,"train/loss":0.7506925106048584,"_wandb":{"runtime":599},"train/entropy":0.7826710072430697}